<?xml version="1.0" encoding="UTF-8"?>

<tiles-definitions>
	<definition name="baseLayout" template="/WEB-INF/tiles/jsp/layout.jsp">
		<put-attribute name="title" value="" />
		<put-attribute name="header" value="/WEB-INF/tiles/jsp/header.jsp" />
		<put-attribute name="menu" value="/WEB-INF/tiles/jsp/menu.jsp" />
		<put-attribute name="body" value="" />
		<put-attribute name="footer" value="/WEB-INF/tiles/jsp/footer.jsp" />
	</definition>

	<definition name="contact" extends="baseLayout">
		<put-attribute name="title" value="Contact Manager" />
		<put-attribute name="body" value="/WEB-INF/tiles/jsp/contact.jsp" />
	</definition>

	<definition name="hello" extends="baseLayout">
		<put-attribute name="title" value="Hello Spring MVC" />
		<put-attribute name="body" value="/WEB-INF/tiles/jsp/hello.jsp" />
	</definition>

</tiles-definitions>