<?xml version="1.0" encoding="UTF-8"?>
<beans xmlns="http://www.springframework.org/schema/beans"
    xmlns:xsi="http://www.w3.org/2001/XMLSchema-instance"
    xmlns:p="http://www.springframework.org/schema/p"
    xmlns:mvc="http://www.springframework.org/schema/mvc"
    xmlns:context="http://www.springframework.org/schema/context"
    xsi:schemaLocation="
        http://www.springframework.org/schema/beans
        http://www.springframework.org/schema/beans/spring-beans.xsd
        http://www.springframework.org/schema/mvc
        http://www.springframework.org/schema/mvc/spring-mvc.xsd     
        http://www.springframework.org/schema/context
        http://www.springframework.org/schema/context/spring-context.xsd">
 
     <mvc:annotation-driven/>       
    <context:component-scan base-package="app04a.controller"/>

    <mvc:resources mapping="/resource/**" location="/css/"/>
    
    <bean id="viewResolver" class="org.springframework.web.servlet.view.InternalResourceViewResolver">
        <property name="prefix" value="/WEB-INF/jsp/"/>
        <property name="suffix" value=".jsp"/>
    </bean>
    
    <!-- Bean example for ServletContextAttributeExporter -->
    <!--bean id="limaBean" class="com.example.LimaBeanImpl"-->
	<!-- entry key="limaBean"><ref bean="limaBean"/></entry-->        
    
    <bean class="org.springframework.web.context.support.ServletContextAttributeExporter">
   	 	<property name="attributes">
        	<map>
            	<entry key="appName" value="SessionExample" />
 			</map>
    	</property>
	</bean>

</beans>