<?xml version="1.0" encoding="UTF-8"?>
<beans:beans xmlns="http://www.springframework.org/schema/mvc"
             xmlns:xsi="http://www.w3.org/2001/XMLSchema-instance" 
             xmlns:beans="http://www.springframework.org/schema/beans"
             xmlns:context="http://www.springframework.org/schema/context"
             xsi:schemaLocation="http://www.springframework.org/schema/mvc http://www.springframework.org/schema/mvc/spring-mvc.xsd
		http://www.springframework.org/schema/beans http://www.springframework.org/schema/beans/spring-beans.xsd
		http://www.springframework.org/schema/context http://www.springframework.org/schema/context/spring-context.xsd">


    <!-- DispatcherServlet Context: defines this servlet's request-processing 
    infrastructure -->

    <!-- Enables the Spring MVC @Controller programming model -->
    <annotation-driven />

    <context:component-scan base-package="edu.mum.fantastic.controller" />
    <!--<context:component-scan base-package="edu.mum.fantastic.security" />-->
    <!-- Handles HTTP GET requests for /resources/** by efficiently serving 
    up static resources in the ${webappRoot}/resources directory -->

    <resources mapping="/resources/**" location="/resources/" />
	
	

    <beans:bean class="org.springframework.web.servlet.mvc.annotation.AnnotationMethodHandlerAdapter"/>
    <!-- Resolves views selected for rendering by @Controllers to .jsp resources 
    in the /WEB-INF/views directory -->
    <beans:bean
        class="org.springframework.web.servlet.view.InternalResourceViewResolver">
        <beans:property name="prefix" value="/WEB-INF/views/" />
        <beans:property name="suffix" value=".jsp" />
        <beans:property name="order" value="1"/>
    </beans:bean>
    <!--tiles configuration -->
    <beans:bean id="tilesViewResolver" class="org.springframework.web.servlet.view.UrlBasedViewResolver">
        <beans:property name="viewClass" value="org.springframework.web.servlet.view.tiles2.TilesView"/>
        <beans:property name="order" value="-2"/>
    </beans:bean>
    <beans:bean id="tilesConfigurer" class="org.springframework.web.servlet.view.tiles2.TilesConfigurer">
        <beans:property name="definitions">
            <beans:list>
                <beans:value>/WEB-INF/tiles/definitions/tile-definition.xml</beans:value>
            </beans:list>
        </beans:property>
    </beans:bean>
	
    <!-- Read message.properties file -->
    <beans:bean id="messageSource"
                class="org.springframework.context.support.ReloadableResourceBundleMessageSource">
        <beans:property name="basename" value="classpath:messages" />
    </beans:bean>
    <!-- Interceptor for language -->
    <interceptors>
        <beans:bean class="org.springframework.web.servlet.i18n.LocaleChangeInterceptor">
            <beans:property name="paramName" value="language" />
        </beans:bean>
    </interceptors>
    <!-- Set default language  -->
    <beans:bean id="localeResolver"
                class="org.springframework.web.servlet.i18n.SessionLocaleResolver">
        <beans:property name="defaultLocale" value="np"/>
    </beans:bean>
    <!-- validator message locator -->
    <beans:bean id="validator"
                class="org.springframework.validation.beanvalidation.LocalValidatorFactoryBean">
        <beans:property name="validationMessageSource" ref="messageSource" />
    </beans:bean>
    <beans:bean id="multipartResolver" class="org.springframework.web.multipart.commons.CommonsMultipartResolver">
        <beans:property name="maxUploadSize" value="50000000"/>
    </beans:bean>
    
</beans:beans>
