<!-- <?xml version="1.0" encoding="UTF-8"?> -->
<beans xmlns="http://www.springframework.org/schema/beans"
	xmlns:xsi="http://www.w3.org/2001/XMLSchema-instance" xmlns:context="http://www.springframework.org/schema/context"
	xmlns:tx="http://www.springframework.org/schema/tx" xmlns:jpa="http://www.springframework.org/schema/data/jpa"
	xmlns:mvc="http://www.springframework.org/schema/mvc"
	xsi:schemaLocation="
      http://www.springframework.org/schema/beans 
      http://www.springframework.org/schema/beans/spring-beans-3.2.xsd
 	  http://www.springframework.org/schema/context http://www.springframework.org/schema/context/spring-context-4.0.xsd
      http://www.springframework.org/schema/tx http://www.springframework.org/schema/tx/spring-tx.xsd
      http://www.springframework.org/schema/data/jpa http://www.springframework.org/schema/data/jpa/spring-jpa.xsd>
      http://www.springframework.org/schema/mvc http://www.springframework.org/schema/mvc/spring-mvc-3.0.xsd">

	<context:component-scan base-package="com.students" />
	<mvc:annotation-driven validator="validator" />

	<mvc:resources location="/resources/" mapping="/resources/**" /><!-- 
		whenever a request start with /resources/ then look in to resources folder -->
	<mvc:resources location="/css/" mapping="/cssFolder/**" />


	<bean id="messageSource"
		class="org.springframework.context.support.ReloadableResourceBundleMessageSource">
		<property name="basename" value="classpath:messages" />
		<property name="defaultEncoding" value="UTF-8" />
		<property name="useCodeAsDefaultMessage" value="false" />
	</bean>

	<bean id="validator"
		class="org.springframework.validation.beanvalidation.LocalValidatorFactoryBean">
		<property name="validationMessageSource" ref="messageSource" />
	</bean>


	<bean id="viewResolver"
		class="org.springframework.web.servlet.view.InternalResourceViewResolver">
		<property name="prefix" value="/WEB-INF/views/" />
		<property name="suffix" value=".jsp" />
		<property name="order" value="1"/>

	</bean>
	
	<mvc:interceptors>
		<bean class="org.springframework.web.servlet.i18n.LocaleChangeInterceptor">
			<property name="paramName" value="language" />
		</bean>
	</mvc:interceptors>

	<!-- <bean id="localeResolver" -->
	<!-- class="org.springframework.web.servlet.i18n.AcceptHeaderLocaleResolver"> -->
	<!-- <property name="defaultLocale" value="en"/> -->
	<!-- </bean> -->
	<bean id="localeResolver"
		class="org.springframework.web.servlet.i18n.SessionLocaleResolver">
		<property name="defaultLocale" value="en_US"></property>
	</bean>
	
	<!-- <bean id="localeResolver" -->
	<!-- class="org.springframework.web.servlet.i18n.CookieLocaleResolver"> -->
	<!-- <property name="defaultLocale" value="en_US"></property> -->
	<!-- </bean> -->
	
	<bean id="multipartResolver"  class="org.springframework.web.multipart.commons.CommonsMultipartResolver">
 	  <property name="maxUploadSize" value="10240000"/>
	</bean> 
	
	
<!-- 	Tiles Configurations -->
	
	<bean id="tilesViewResolver"
		   class="org.springframework.web.servlet.view.UrlBasedViewResolver">
		   <property name="viewClass"
		   		value="org.springframework.web.servlet.view.tiles3.TilesView"/>
		   <property name="order" value="-2"/>
	</bean>
	
	<bean id="tilesConfigurer"
		   class="org.springframework.web.servlet.view.tiles3.TilesConfigurer">
		   <property name="definitions">
		  		<list>
		  			<value>
		  				/WEB-INF/tiles/definitions/tile-definition.xml
		  			</value>
		  		</list>
		   </property>
	
	</bean>
	
	</beans>
