<?xml version="1.0" encoding="UTF-8"?>
<beans xmlns="http://www.springframework.org/schema/beans"
	xmlns:xsi="http://www.w3.org/2001/XMLSchema-instance"
	xmlns:context="http://www.springframework.org/schema/context"
	xmlns:mvc="http://www.springframework.org/schema/mvc"
	xsi:schemaLocation="http://www.springframework.org/schema/beans http://www.springframework.org/schema/beans/spring-beans.xsd
		http://www.springframework.org/schema/context http://www.springframework.org/schema/context/spring-context-4.0.xsd
		http://www.springframework.org/schema/mvc http://www.springframework.org/schema/mvc/spring-mvc-4.0.xsd">


	<mvc:annotation-driven  validator="validator"/>
	
	<context:component-scan base-package="com.packt.webstore" />
	
	<bean class="org.springframework.web.servlet.view.InternalResourceViewResolver">
		<property name="prefix" value="/WEB-INF/views/" />
		<property name="suffix" value=".jsp" />
        <property name="order" value="2" />
	</bean>


  	<bean id="tilesViewResolver"   class="org.springframework.web.servlet.view.UrlBasedViewResolver">
        <property name="viewClass" value="org.springframework.web.servlet.view.tiles3.TilesView" />
        <property name="order" value="-2" />
	</bean>
	
	
	
	<bean id= "messageSource" class="org.springframework.context.support.ResourceBundleMessageSource">
   		<property name="basename" value="messages"/> 
	</bean>
	
	<mvc:resources  location="/resources/"  mapping="/resource/**"/>
	
	<bean id="multipartResolver"  class="org.springframework.web.multipart.commons.CommonsMultipartResolver">
	  <property name="maxUploadSize" value="10240000"/>
	</bean>
	

	<!-- Used to handle Cookie or Session locale resolvers AUTOMATICALLY -->
	
	<mvc:interceptors>
 		<bean class= "org.springframework.web.servlet.i18n.LocaleChangeInterceptor">
			<property name="paramName" value="language"/>
	 	</bean>	 	
 	</mvc:interceptors>
 		<!-- this is the parameter that the interceptor looks for -->
	
	<!--bean id="localeResolver" class="org.springframework.web.servlet.i18n.AcceptHeaderLocaleResolver"/-->
	<bean id="localeResolver" class="org.springframework.web.servlet.i18n.SessionLocaleResolver">
		<property name="defaultLocale" value="en_US"/>
	</bean>
	
<!--bean id="localeResolver" class="org.springframework.web.servlet.i18n.CookieLocaleResolver">
    <property name="defaultLocale" value="en"/>
</bean-->
	
	<bean id="validator" class="org.springframework.validation.beanvalidation.LocalValidatorFactoryBean">
		<property name="validationMessageSource" ref="messageSource" />
	</bean>
 
 	<bean id="tilesConfigurer" class="org.springframework.web.servlet.view.tiles3.TilesConfigurer">
        <property name="definitions">
            <list>
                <value>/WEB-INF/tiles/definitions/tile-definition.xml</value>
            </list>
        </property>
	</bean>
	
     
 
</beans>
