<?xml version="1.0" encoding="UTF-8"?>

<beans xmlns="http://www.springframework.org/schema/beans"
	xmlns:xsi="http://www.w3.org/2001/XMLSchema-instance" xmlns:context="http://www.springframework.org/schema/context"
	xmlns:tx="http://www.springframework.org/schema/tx" xmlns:jpa="http://www.springframework.org/schema/data/jpa"
	xmlns:mvc="http://www.springframework.org/schema/mvc"
	xsi:schemaLocation="
      http://www.springframework.org/schema/beans 
      http://www.springframework.org/schema/beans/spring-beans.xsd
      http://www.springframework.org/schema/mvc http://www.springframework.org/schema/mvc/spring-mvc.xsd
 	  http://www.springframework.org/schema/context http://www.springframework.org/schema/context/spring-context-4.1.xsd
      http://www.springframework.org/schema/tx http://www.springframework.org/schema/tx/spring-tx.xsd
      http://www.springframework.org/schema/data/jpa http://www.springframework.org/schema/data/jpa/spring-jpa.xsd">

	<jpa:repositories base-package="np.com.carpool.repository"
		query-lookup-strategy="create-if-not-found" />
		
	<!-- manages entity bean and maps all bean classes to database -->
	<bean id="entityManager"
		class="org.springframework.orm.jpa.LocalContainerEntityManagerFactoryBean">
		<property name="dataSource" ref="dataSource" />
		<property name="packagesToScan" value="np.com.carpool.domain" />
		<property name="jpaVendorAdapter">
			<bean class="org.springframework.orm.jpa.vendor.HibernateJpaVendorAdapter" />
		</property>
		<property name="jpaProperties">
			<props>
				<prop key="hibernate.hbm2ddl.auto">create-drop</prop>
				<prop key="hibernate.dialect">org.hibernate.dialect.MySQL5Dialect</prop>
				<prop key="hibernate.show_sql">true</prop>
			</props>
		</property>
	</bean>

	<bean id="dataSource"
		class="org.springframework.jdbc.datasource.DriverManagerDataSource">
		<property name="driverClassName" value="com.mysql.jdbc.Driver" />
		<property name="url" value="jdbc:mysql://localhost:3306/carpool" />
		<property name="username" value="root" />
		<property name="password" value="" />
	</bean>

	<!-- applies SOLID property -->
	<bean id="transactionManager" class="org.springframework.orm.jpa.JpaTransactionManager">
		<property name="entityManagerFactory" ref="entityManager" />
	</bean>

	<tx:annotation-driven transaction-manager="transactionManager" />


	<!-- <bean id="persistenceExceptionTranslationPostProcessor"
		class="org.springframework.dao.annotation.PersistenceExceptionTranslationPostProcessor" /> -->

</beans>
