<?xml version="1.0" encoding="UTF-8"?>
<beans xmlns="http://www.springframework.org/schema/beans"

	xmlns:xsi="http://www.w3.org/2001/XMLSchema-instance" xmlns:context="http://www.springframework.org/schema/context"
	xmlns:mvc="http://www.springframework.org/schema/mvc" xmlns:security="http://www.springframework.org/schema/security"
	xsi:schemaLocation="http://www.springframework.org/schema/mvc
	 http://www.springframework.org/schema/mvc/spring-mvc.xsd
		http://www.springframework.org/schema/security
		 http://www.springframework.org/schema/security/spring-security.xsd
		http://www.springframework.org/schema/beans 
		http://www.springframework.org/schema/beans/spring-beans.xsd
		http://www.springframework.org/schema/context 
		http://www.springframework.org/schema/context/spring-context.xsd">


	<security:global-method-security
		pre-post-annotations="enabled" />
	<security:http pattern="/" security="none" />
	<security:http use-expressions="true" auto-config="true">
		<security:remember-me key="np.com.carpool" />
		<security:intercept-url pattern="/login"
			access="permitAll" />
		<security:intercept-url pattern="/logout"
			access="permitAll" />
		<security:intercept-url pattern="^/secure/.*$"
			access="isAuthenticated()" />
		<!-- <security:intercept-url pattern="^/secure/admin/.*$" -->
		<!-- access="ADMIN"/> -->
		<security:form-login login-processing-url="/j_spring_security_check"
			username-parameter="username" password-parameter="password"
			login-page="/" default-target-url="/secure/home"
			always-use-default-target="true" authentication-failure-url="/loginfailed" />
		<security:logout logout-url="/logout"
			logout-success-url="/" invalidate-session="true" />
		<security:session-management
			invalid-session-url="/" session-authentication-error-url="/">
		</security:session-management>
		<security:csrf disabled="true" />
	</security:http>

	<security:authentication-manager>
		<security:authentication-provider>
			<!-- <security:user-service> -->
			<!-- <security:user name="mkyong" password="123456" -->
			<!-- authorities="ROLE_USER" /> -->
			<!-- </security:user-service> -->
			<security:password-encoder hash="md5" />
			<security:jdbc-user-service
				data-source-ref="dataSource"
				users-by-username-query="select username, password, enabled from
	 users where username=?"
				authorities-by-username-query="select username, role from users where
	 username=?" />
		</security:authentication-provider>
	</security:authentication-manager>
</beans>

