<?xml version="1.0" encoding="UTF-8"?>
<!DOCTYPE tiles-definitions PUBLIC  
       "-//Apache Software Foundation//DTD Tiles Configuration 2.0//EN"  
       "http://tiles.apache.org/dtds/tiles-config_2_0.dtd">
<tiles-definitions>
	<definition name="baseLayout" template="/WEB-INF/tiles/template/baseLayout.jsp">
		<put-attribute name="title" value="Simple Title" />
		<put-attribute name="menu"
			value="/WEB-INF/tiles/template/nevigation.jsp" />
		<put-attribute name="header" value="/WEB-INF/tiles/template/header.jsp" />
		<put-attribute name="subHeader"
			value="/WEB-INF/tiles/template/subHeader.jsp" />
		<put-attribute name="body" value="" />
		<put-attribute name="footer" value="/WEB-INF/tiles/template/footer.jsp" />
	</definition>
        <definition name="home" extends="baseLayout">
		<put-attribute name="title" value="Category List" />
		<put-attribute name="body" value="/WEB-INF/views/home.jsp" />
	</definition>
	<definition name="category" extends="baseLayout">
		<put-attribute name="title" value="Category List" />
		<put-attribute name="body" value="/WEB-INF/views/categories.jsp" />
	</definition>
        <definition name="dating" extends="baseLayout">
		<put-attribute name="title" value="Category List" />
		<put-attribute name="body" value="/WEB-INF/views/dating.jsp" />
	</definition>
	<definition name="list" extends="baseLayout">
		<put-attribute name="title" value="Category List" />
		<put-attribute name="body" value="/WEB-INF/views/categoryList.jsp" />
	</definition>
	<definition name="profile" extends="baseLayout">
		<put-attribute name="title" value="Profile" />
		<put-attribute name="body" value="/WEB-INF/views/profile.jsp" />
	</definition>
        <definition name="travel" extends="baseLayout">
                <put-attribute name="title" value="~ Travel~"/>
                <put-attribute name="body" value="/WEB-INF/views/travel.jsp"/>
        </definition>
        <definition name="travelList" extends="baseLayout">
                <put-attribute name="title" value="~ Travel List~"/>
                <put-attribute name="body" value="/WEB-INF/views/travelList.jsp"/>
        </definition>
        <definition name="datingList" extends="baseLayout">
                <put-attribute name="title" value="~ Dating List~"/>
                <put-attribute name="body" value="/WEB-INF/views/datingList.jsp"/>
        </definition>
        <definition name="changePassword" extends="baseLayout">
                <put-attribute name="title" value="~ Change Password ~"/>
                <put-attribute name="body" value="/WEB-INF/views/changePassword.jsp"/>
        </definition>
        <definition name="categoryList" extends="baseLayout">
                <put-attribute name="title" value="~ Dating List~"/>
                <put-attribute name="body" value="/WEB-INF/views/categoryList.jsp"/>
        </definition>
        <definition name="addCategoryForm" extends="baseLayout">
                <put-attribute name="title" value="~ Dating List~"/>
                <put-attribute name="body" value="/WEB-INF/views/addCategoryForm.jsp"/>
        </definition>
        
        <definition name="editCategoryForm" extends="baseLayout">
                <put-attribute name="title" value="~ Dating List~"/>
                <put-attribute name="body" value="/WEB-INF/views/editCategoryForm.jsp"/>
        </definition>
</tiles-definitions>
